Workbook

Sheet コスト表
B1: 1コス=1時間
B2: 分類 | C2: タスク | D2: コスト(時間) | E2: 優先度 | F2: 制作段階 | G2: 進捗 | H2: 備考
B3: プレイヤー | C3: ARとSGの性能を明確化 | D3: 1 | E3: S | G3: 作業中 | H3: ARは現状のままでSGは距離に応じたダメージ減衰機能、ノックバックなど
B4: プレイヤー | C4: パリィ時のエフェクト | D4: 2 | E4: A | G4: 未着手
B5: プレイヤー | C5: SE | D5: 2 | E5: A | G5: 未着手 | H5: 低HP、パリィ、弾切れ、薬莢、ジャンプ、着地、盾投げ、ガード、ダメージボイス
B6: プレイヤー | C6: 自動武器切り替え | D6: 0.5 | E6: S | G6: 未着手
B7: プレイヤー | C7: タックル攻撃後のノックバック | D7: 1 | E7: S | G7: 未着手
B8: プレイヤー | C8: 投擲・衝突判定の拡張 | D8: 3 | E8: S | G8: 未着手 | H8: 盾が「特定の属性（シールド破壊属性）」を持っているという情報の定義 盾が敵に当たった際、その敵が「シールド赤熱状態」かどうかを判定するロジック
B9: 敵 | C9: ヘッドショット専用エフェクト | D9: 1 | E9: A | G9: 未着手
B10: 敵 | C10: パリィ時の怯みアニメーション | D10: 0.5 | E10: S | G10: 未着手
B11: 敵 | C11: SE | D11: 0.5 | E11: A | G11: 未着手 | H11: ヘッドショット、ダメージボイス、攻撃ボイス、シールド関係
B12: 敵 | C12: シールドHP | D12: 1 | E12: S | G12: 未着手 | H12: 敵の本体HPとは別に「シールド耐久値」のパラメータ追加
B13: 敵 | C13: シールドエフェクトの描画 | D13: 1 | E13: S | G13: 未着手 | H13: 赤熱状態の際、エフェクトの色を赤に変更し、点滅させるなどの視覚的強調
B14: 敵 | C14: 破壊時のアクション | D14: 1 | E14: S | G14: 未着手 | H14: シールドが壊れた際の専用モーション
B15: 敵 | C15: ノックバック | D15: 1 | E15: S | G15: 未着手
B16: 敵 | C16: ダメージフィルター | D16: 2 | E16: S | G16: 未着手 | H16: 「シールドあり」状態では、銃弾ダメージを0にする処理 累計ダメージが一定を超えたら「赤熱状態」へ移行
B17: Boss | C17: 近距離範囲攻撃時のエフェクト | D17: 1 | E17: A | G17: 未着手
B18: Boss | C18: パリィ時の怯みアニメーション | D18: 0.5 | E18: A | G18: 未着手
B19: Boss | C19: SE | D19: 0.5 | E19: A | G19: 未着手 | H19: ヘッドショット、ダメージボイス、攻撃ボイス
G20: 未着手
B21: ステージ | C21: ステージサイズ調整 | D21: 1 | E21: S | G21: 未着手
B22: チュートリアル | C22: UI | D22: 2 | E22: A | G22: 未着手 | H22: チュートリアル中のプレイヤー制限時禁止マーク、マウスUIアニメーション
B23: ポートフォリオ | D23: 0 | G23: 未着手
B24: 動画作成 | D24: 0 | G24: 未着手
B25: ゲームオーバー、クリアリザルトの倒した敵の数があっていない不具合
B26: 遠距離攻撃で射線が通っていない状態で攻撃をしてくる不具合
B27: タックル攻撃を行うと敵をすり抜けてしまう不具合
B28: ポーズ中にマウスを動かしポーズを閉じるとマウスを動かした方に視点が瞬時に動いてしまう不具合
B29: 近距離時のロックオン不具合
B30: デバックメニューのウィンドウモードをオンするとマウスカーソルが消えてしまう不具合
B31: ダッシュジャンプタックルを行うと敵をすり抜ける不具合
B32: タックル攻撃を行い敵に当たったら止まるだけではなく少し後ろにノックバックする
B33: タイトル画面でデバックメニューを開いてマウス左クリックを押すとシーン遷移し進んでしまう不具合
B34: EnemyNormalのショットガン攻撃を受けた際、Hitアニメーションを使用する
B35: ショットガンで倒した際吹き飛んで死なないことがある不具合
B36: アイテム光らす
... B40: 敵が湧く位置を各ウェーブで固定化し常に敵が何体いるというように設計する

Sheet 集計
B2: 分類 | C2: コスト合計 | D2: 完了コスト | E2: 作業中コスト | F2: 未着手コスト | G2: 進捗率 (%) | I2: 総コスト | J2: =SUM(C:C) -> 22.5
B3: プレイヤー | C3: =SUMIF(コスト表!B:B, B3, コスト表!D:D) -> 9.5 | D3: =SUMIFS(コスト表!D:D, コスト表!B:B, "プレイヤー", コスト表!G:G, "完了") -> 0 | E3: =SUMIFS(コスト表!D:D, コスト表!B:B, "プレイヤー", コスト表!G:G, "作業中") -> 1 | F3: =SUMIFS(コスト表!D:D, コスト表!B:B, "プレイヤー", コスト表!G:G, "未着手") -> 8.5 | G3: =ROUNDDOWN(COUNTIFS(コスト表!B:B, "プレイヤー", コスト表!G:G, "完了") / COUNTIF(コスト表!B:B, "プレイヤー") * 100,1) -> 0 | I3: 消化コスト | J3: =SUMIF(コスト表!G:G,"完了",コスト表!D:D) -> 0 | K3: 消費コスト / 日数
B4: 敵 | C4: =SUMIF(コスト表!B:B, B4, コスト表!D:D) -> 8 | D4: =SUMIFS(コスト表!D:D, コスト表!B:B, "敵", コスト表!G:G, "完了") -> 0 | E4: =SUMIFS(コスト表!D:D, コスト表!B:B, "敵", コスト表!G:G, "作業中") -> 0 | F4: =SUMIFS(コスト表!D:D, コスト表!B:B, "敵", コスト表!G:G, "未着手") -> 8 | G4: =ROUNDDOWN(COUNTIFS(コスト表!B:B, "敵", コスト表!G:G, "完了") / COUNTIF(コスト表!B:B, "敵") * 100,1) -> 0 | I4: 現在の日数(土日除く) | J4: =NETWORKDAYS(J5,J6) -> 3 | K4: =ROUNDDOWN(J3 / J4,1) -> 0
B5: Boss | C5: =SUMIF(コスト表!B:B, B5, コスト表!D:D) -> 2 | D5: =SUMIFS(コスト表!D:D, コスト表!B:B, "Boss", コスト表!G:G, "完了") -> 0 | E5: =SUMIFS(コスト表!D:D, コスト表!B:B, "Boss", コスト表!G:G, "作業中") -> 0 | F5: =SUMIFS(コスト表!D:D, コスト表!B:B, "Boss", コスト表!G:G, "未着手") -> 2 | G5: =ROUNDDOWN(COUNTIFS(コスト表!B:B, "Boss", コスト表!G:G, "完了") / COUNTIF(コスト表!B:B, "Boss") * 100,1) -> 0 | I5: 開始日 | J5: =DATE(2026,2,3) -> 46056
B6: ステージ | C6: =SUMIF(コスト表!B:B, B6, コスト表!D:D) -> 1 | D6: =SUMIFS(コスト表!D:D, コスト表!B:B, "ステージ", コスト表!G:G, "完了") -> 0 | E6: =SUMIFS(コスト表!D:D, コスト表!B:B, "ステージ", コスト表!G:G, "作業中") -> 0 | F6: =SUMIFS(コスト表!D:D,コスト表!B:B,"ステージ",コスト表!G:G,"未着手") -> 1 | G6: =ROUNDDOWN(COUNTIFS(コスト表!B:B, "ステージ", コスト表!G:G, "完了") / COUNTIF(コスト表!B:B, "ステージ") * 100,1) -> 0 | I6: 今日の日付 | J6: =TODAY() -> 46058
B7: チュートリアル | C7: =SUMIF(コスト表!B:B, B7, コスト表!D:D) -> 2 | D7: =SUMIFS(コスト表!D:D, コスト表!B:B, "チュートリアル", コスト表!G:G, "完了") -> 0 | E7: =SUMIFS(コスト表!D:D, コスト表!B:B, "チュートリアル", コスト表!G:G, "作業中") -> 0 | F7: =SUMIFS(コスト表!D:D,コスト表!B:B,"チュートリアル",コスト表!G:G,"未着手") -> 2 | G7: =ROUNDDOWN(COUNTIFS(コスト表!B:B, "チュートリアル", コスト表!G:G, "完了") / COUNTIF(コスト表!B:B, "チュートリアル") * 100,1) -> 0
B8: ポートフォリオ | C8: =SUMIF(コスト表!B:B, B8, コスト表!D:D) -> 0 | D8: =SUMIFS(コスト表!D:D, コスト表!B:B, "敵3(遠距離型ゾンビ)", コスト表!G:G, "完了") -> 0 | E8: =SUMIFS(コスト表!D:D, コスト表!B:B, "敵3(遠距離型ゾンビ)", コスト表!G:G, "作業中") -> 0 | F8: =SUMIFS(コスト表!D:D, コスト表!B:B, "敵3(遠距離型ゾンビ)", コスト表!G:G, "未着手") -> 0 | G8: =ROUNDDOWN(COUNTIFS(コスト表!B:B, "ポートフォリオ", コスト表!G:G, "完了") / COUNTIF(コスト表!B:B, "ポートフォリオ") * 100,1) -> 0
B9: 動画作成 | C9: =SUMIF(コスト表!B:B, B9, コスト表!D:D) -> 0 | D9: =SUMIFS(コスト表!D:D, コスト表!B:B, "ボス(ゾンビを召喚)", コスト表!G:G, "完了") -> 0 | E9: =SUMIFS(コスト表!D:D, コスト表!B:B, "ボス(ゾンビを召喚)", コスト表!G:G, "作業中") -> 0 | F9: =SUMIFS(コスト表!D:D,コスト表!B:B,"ボス(ゾンビを召喚)",コスト表!G:G,"未着手") -> 0 | G9: =ROUNDDOWN(COUNTIFS(コスト表!B:B, "動画作成", コスト表!G:G, "完了") / COUNTIF(コスト表!B:B, "動画作成") * 100,1) -> 0
B10: 合計進捗率 | G10: =ROUNDDOWN(COUNTIF(コスト表!G:G, "完了") / COUNTA(コスト表!G:G) * 100,1) -> 0

Sheet プルダウン用
B2: 進捗段階 | D2: 制作段階 | F2: 優先度
B3: 未着手 | D3: 10月 | F3: S
B4: 作業中 | D4: 11月 | F4: A
B5: 完了 | D5: 12月 | F5: B
B6: 削除 | D6: 1月 | F6: C
B8: 優先度
B9: S：実装が必須
B10: A：重要な要素
B11: B：なくても問題ないがあるといい
B12: C：なくても問題ない
